# Reines & Volonteri 2015, ApJ 813, 82, Table 1: 244 broad-line AGN (arXiv:1508.06274)
# via CDS J/ApJ/813/82/table1.dat, fetched 2026-09-24; log_Mstar and log_MBH in solar masses
nsaid,sdss_name,log_Mstar,log_MBH
25955,J000907.90+142755.8,10.68,6.21
22075,J004236.86-104922.0,10.43,7.07
6452,J012159.81-010224.3,10.47,7.65
23318,J021011.49-090335.5,10.92,8.11
11183,J024912.86-081525.7,10.11,5.70
7741,J030417.77+002827.2,10.61,6.50
68625,J032006.32+402158.6,10.36,6.72
11792,J040929.15-042902.7,9.64,6.76
73503,J073106.44+392639.9,10.58,6.36
82570,J075151.87+494851.9,10.61,6.51
156334,J075243.60+455655.9,11.49,7.03
15665,J075525.28+391109.8,10.19,6.74
9550,J075643.72+445124.1,10.70,6.82
109525,J075850.28+093520.7,10.96,7.25
156392,J075941.30+505022.9,10.31,7.11
35863,J080020.98+263648.8,11.05,6.99
44080,J080243.40+310403.3,10.47,7.80
156465,J080538.89+261003.0,10.51,6.59
115827,J080545.71+073526.2,11.30,7.70
33430,J080707.17+361400.5,10.93,5.83
26326,J080801.75+381935.3,10.09,6.46
109647,J080910.72+110619.1,10.05,6.08
9749,J081319.32+460849.6,10.81,7.08
9885,J081516.87+460430.8,10.93,6.75
76373,J081718.55+520148.1,9.70,6.48
109711,J081726.41+101210.1,10.35,7.40
156668,J082442.80+295920.9,9.77,5.66
33506,J082510.23+375919.7,10.31,6.28
51635,J082620.81+055727.8,10.64,6.88
83111,J082818.67+573912.9,11.11,7.66
15879,J082842.73+454433.2,10.40,7.05
10045,J082912.66+500652.6,9.09,6.26
156815,J083732.60+284221.9,10.77,6.73
84406,J083810.94+245342.9,11.12,6.84
10377,J084137.86+545506.8,10.84,6.99
11841,J084143.50+013149.8,11.29,6.91
84500,J084654.09+252212.3,10.13,7.73
10779,J090613.75+561015.5,9.30,5.40
110048,J090902.35+133019.4,10.69,7.16
12475,J091101.33+571247.1,10.54,7.01
10733,J091102.32+550023.3,10.14,5.98
36219,J091256.44+380538.0,9.95,7.21
116134,J091424.75+115625.5,10.01,5.68
47189,J091520.48+411918.8,10.52,7.14
110287,J091634.32+175508.3,10.68,7.40
10881,J091913.18+552755.2,9.76,6.95
73836,J092115.56+101741.0,10.67,7.36
157240,J092438.89+560743.0,10.80,6.56
106415,J092528.24+233631.0,11.00,7.10
116197,J092603.26+124403.7,10.26,7.23
84993,J092740.77+262701.1,10.52,6.31
108776,J093206.90+172703.2,9.88,6.62
51866,J093327.87+093200.0,10.37,7.06
108853,J093408.59+175644.0,9.76,5.81
85174,J093410.88+305657.9,10.75,7.29
106560,J094204.79+234106.9,10.14,7.10
26951,J094328.71+524811.7,10.65,6.72
51904,J094529.36+093610.4,9.59,6.35
48136,J094838.42+403043.7,10.66,7.32
65158,J094839.73+363649.3,10.60,6.67
85551,J094852.56+285338.4,10.83,7.00
85351,J095220.09+322826.8,10.57,6.41
49262,J095437.22+063719.5,10.90,7.76
17134,J095540.47+050236.5,10.67,5.91
116664,J095745.49+152350.6,10.35,6.56
116678,J095800.22+154722.0,10.71,6.40
157694,J095956.09+130235.9,10.61,7.04
13303,J100207.03+030327.6,10.59,7.22
107119,J100218.78+264805.7,10.96,7.52
36702,J100510.50+543255.7,10.24,5.36
58760,J100819.11+372903.4,11.24,6.65
58829,J100854.93+373929.9,10.20,7.04
85993,J101202.59+301303.0,10.20,7.29
158121,J101718.70+291432.0,10.25,6.98
86061,J101846.01+345007.9,10.24,6.28
158159,J101913.90+635759.0,10.47,7.58
74303,J102306.97+125100.3,10.34,6.40
158273,J102402.40+062942.0,10.11,6.69
65501,J102532.09+102503.9,10.89,6.64
32135,J102841.98+490418.6,10.91,6.88
158462,J103234.30+650224.9,9.89,5.63
59198,J103438.59+393828.2,10.22,6.72
87071,J103751.81+334850.1,10.90,6.43
89787,J104120.48+314039.1,10.27,6.89
17499,J104252.93+041441.1,10.21,7.29
137943,J104438.89+384527.9,11.08,6.81
40316,J104451.72+063548.6,10.96,6.44
65832,J104504.23+114508.7,10.17,6.59
111126,J105415.52+174522.5,10.69,6.94
90239,J105427.88+330943.4,10.18,6.49
55394,J105658.52+441653.1,10.11,7.53
59705,J110016.03+461615.3,9.76,6.44
159111,J110032.29+020656.0,11.26,7.08
159166,J110158.30+101740.9,9.73,7.32
93159,J110422.05+321404.5,9.86,6.74
100800,J110807.47+270602.7,10.33,6.06
159362,J110929.00+284132.9,10.18,5.44
66041,J111045.96+113641.5,11.05,7.18
111757,J111227.30+184926.8,10.38,7.49
48468,J111349.74+093510.7,10.66,7.19
101071,J111752.64+291816.1,10.23,6.85
37249,J111857.69+580323.9,9.96,7.10
101694,J112423.88+274245.3,10.48,6.52
159806,J112536.89+542256.0,9.94,7.27
112558,J112545.34+240823.9,10.36,5.91
60031,J112628.71+472453.8,10.16,6.35
32499,J112637.74+513423.2,10.14,5.99
112630,J112842.51+195313.2,10.39,6.52
52298,J112942.76+555913.1,10.42,6.33
32607,J113240.25+525701.6,10.36,6.48
48537,J113249.27+101747.2,11.31,7.63
52361,J113549.07+565708.4,11.14,6.64
112930,J114013.94+244149.4,10.81,7.00
113207,J114054.08+230744.3,10.05,7.25
160479,J114430.09+365259.9,10.90,8.03
27473,J114433.05+613201.0,11.10,7.14
92352,J114444.89+331915.4,10.65,5.73
170273,J114530.30+094352.0,10.47,6.69
41387,J114545.18+554759.9,11.04,7.16
92431,J114740.08+334720.4,10.74,6.49
52392,J115138.10+561332.1,9.80,6.18
113817,J115710.68+221746.2,10.76,7.30
3322,J120114.35-034041.1,9.54,6.96
118226,J120144.91+201941.9,10.70,6.17
117636,J120208.36+174124.8,10.18,5.91
30736,J120257.81+045045.0,10.71,6.62
160992,J120429.79+201901.0,10.81,6.69
161001,J120440.50+311100.0,10.95,7.16
60514,J120626.27+424426.0,10.62,7.33
119662,J120727.97+253610.9,10.47,6.64
88507,J120929.16+330530.1,10.10,6.62
93287,J121044.27+382010.2,10.43,7.70
38710,J121607.08+504930.4,10.71,8.06
1394,J121826.72-000750.1,9.93,6.56
118473,J121905.27+210632.6,11.05,7.07
102741,J121923.73+303002.7,9.90,5.36
103006,J122215.37+282123.7,9.63,6.84
52675,J122342.82+581446.4,9.29,6.08
89394,J122548.86+333248.7,8.90,5.00
13046,J123237.48+662452.5,10.61,7.40
170529,J123454.70+153410.9,10.74,6.84
162115,J123650.90+453902.9,10.54,6.64
103223,J123741.18+264227.5,9.81,5.86
55980,J123838.10+453414.4,10.80,6.54
86638,J124145.71+320256.2,10.09,6.62
118600,J124345.79+193846.4,10.10,6.35
103456,J124610.76+275615.9,10.23,7.03
162489,J125042.20-024928.9,10.71,7.39
61175,J125400.20+424220.0,10.90,6.91
77146,J125552.36+103055.2,10.61,7.19
103628,J125710.75+272417.6,10.27,6.11
27799,J130019.94+613918.4,10.72,7.60
90487,J130342.82+324824.5,9.57,6.07
37794,J130615.16+585733.4,9.59,6.65
77611,J130721.92+095209.3,10.79,7.44
33165,J130803.88+505227.0,10.28,6.27
14504,J131305.81+012755.9,10.35,6.44
31268,J131310.12+051942.1,9.89,5.66
92956,J131905.95+310852.7,10.55,6.67
77981,J132255.43+080941.5,10.64,7.04
78070,J132507.32+082026.4,10.65,6.34
120079,J132731.12+244641.0,10.83,7.71
86796,J132908.83+295024.1,9.81,6.58
88582,J133739.87+390916.4,10.45,6.70
92695,J134208.38+353915.5,10.26,6.77
92698,J134300.79+360956.3,9.68,6.52
54602,J134426.41+441620.0,10.27,6.82
19510,J134632.13+642325.2,9.67,6.30
70770,J134704.35+110622.6,10.75,6.52
78358,J134812.56+072340.7,10.52,6.16
164068,J134952.60+020440.0,10.22,7.44
94340,J135317.78+332927.0,10.43,5.47
31580,J140018.41+050242.2,10.73,7.33
35093,J140514.86-025901.2,10.67,7.21
94985,J141415.17+264451.4,10.57,7.27
14910,J141630.82+013708.0,11.00,7.22
94937,J141759.54+250812.7,10.80,7.94
17965,J141920.64+043623.3,10.96,6.61
121455,J142138.63+173536.2,10.42,7.58
123680,J142408.38+210518.5,10.78,7.03
28262,J142817.98+571018.6,10.59,6.90
18178,J143450.63+033842.5,10.14,5.84
43189,J143452.46+483942.7,10.10,7.72
121863,J144431.62+153643.2,10.53,7.12
96340,J145037.85+224403.6,9.84,6.55
96204,J145055.43+273442.7,10.91,6.79
165754,J145314.29+170037.9,10.60,6.64
123179,J145518.40+163253.7,10.49,6.12
96526,J145631.35+212030.0,10.03,6.55
80616,J145819.55+045451.7,10.09,7.08
72324,J150138.79+102513.4,10.59,7.07
72201,J150311.67+111027.3,10.25,6.85
165936,J150744.40+512703.0,11.24,7.40
2694,J150853.94-001149.0,11.06,7.45
79325,J151150.03+075918.7,10.37,6.84
18613,J151343.31+042143.6,10.56,6.96
79540,J151621.58+080604.6,10.41,6.24
97079,J151634.45+205837.9,9.88,5.98
97379,J151907.55+260750.6,10.39,6.53
124618,J152324.43+551855.5,10.70,6.72
80920,J152416.66+045119.0,10.46,7.20
68095,J152940.58+302909.3,10.74,6.97
79900,J153118.01+072740.3,10.83,7.61
79792,J153146.89+062257.9,10.71,7.47
123467,J153552.50+143103.8,10.29,6.35
73190,J154214.26+095654.7,9.57,6.51
166398,J154241.59+225251.0,11.07,7.24
166418,J154507.69+170955.0,10.35,7.69
53851,J154814.75+450027.7,9.70,6.48
125028,J155224.87+041726.2,9.29,6.45
57585,J155417.43+323837.9,10.28,7.73
114669,J155640.90+121717.9,10.43,6.66
114657,J155807.97+120413.0,10.41,6.21
20346,J155926.11+521235.5,10.45,7.31
58210,J160502.46+330545.0,10.13,7.80
99870,J160515.85+174227.4,10.46,6.50
45842,J160558.11+440319.5,10.87,6.89
63803,J160652.16+275539.1,10.95,7.06
115034,J160836.37+121951.5,10.71,7.52
20587,J161156.31+521117.1,10.30,7.26
73411,J161745.63+060353.5,9.99,7.52
166855,J161809.60+362002.0,9.60,6.20
63559,J161844.85+253907.6,10.94,7.20
45920,J161951.31+405847.3,10.59,6.78
43888,J162138.10+351617.3,10.50,6.90
45888,J162345.88+410456.4,10.07,7.10
63546,J162501.43+241547.3,10.43,6.95
4748,J163007.39-001136.4,10.76,7.14
115668,J163257.50+115040.1,10.28,6.40
63360,J163453.66+231242.6,10.76,7.40
58098,J165601.60+211241.1,10.81,7.73
4243,J170938.94+630635.0,10.04,7.24
125689,J171228.44+355302.6,10.85,6.97
125773,J172239.93+305252.6,11.02,7.14
21420,J204745.25-052515.6,10.66,7.04
39540,J210533.44+002829.2,9.85,6.49
24630,J212954.56+101603.8,10.61,6.42
21626,J213344.25-081615.6,10.89,7.57
39842,J213741.44+005317.0,10.99,6.82
21657,J215226.03-081024.9,10.67,6.32
4980,J215512.41+005906.7,10.51,6.29
23433,J224824.63+000920.6,10.26,6.62
5429,J231815.67+001540.2,11.12,7.05
5533,J233837.09-002810.4,10.03,5.91
