# RX J1131-1231, quadruply lensed quasar: COSMOGRAIL R-band light curves of images A and D
# Source: Millon et al. 2020, A&A 640, A105 (arXiv:2002.05736), CDS catalogue J/A+A/640/A105, file lcabcd/RXJ1131_all.dat
#   https://cdsarc.cds.unistra.fr/ftp/J/A+A/640/A105/lcabcd/RXJ1131_all.dat (fetched 2026-09-24)
# Columns: hjd = HJD - 2400000 [d]; mag_A, err_A, mag_D, err_D = relative magnitudes and errors of images A and D; tel = telescope
# Published delay (Millon et al. 2020): Delta t_AD = -92.5 (+1.9/-1.8) d, image A leads (their sign convention: negative = D lags A)
hjd,mag_A,err_A,mag_D,err_D,tel
52988.31255,-12.83561,0.00710,-10.43047,0.03145,SMARTSandicam
52995.30600,-12.80570,0.00473,-10.42736,0.02184,SMARTSandicam
53002.32091,-12.79833,0.00705,-10.45533,0.01647,SMARTSandicam
53013.32044,-12.77932,0.00483,-10.29250,0.04443,SMARTSandicam
53021.29184,-12.75228,0.00581,-10.43770,0.02205,SMARTSandicam
53028.26665,-12.74091,0.00455,-10.37678,0.01740,SMARTSandicam
53035.31644,-12.73273,0.00689,-10.37688,0.03435,SMARTSandicam
53039.26013,-12.71602,0.00819,-10.30707,0.03354,SMARTSandicam
53042.28519,-12.70077,0.00733,-10.34306,0.06451,SMARTSandicam
53046.23613,-12.73637,0.00543,-10.34380,0.04503,SMARTSandicam
53050.27116,-12.72707,0.00748,-10.36774,0.05765,SMARTSandicam
53055.21519,-12.71453,0.00867,-10.34481,0.02016,SMARTSandicam
53058.20913,-12.73327,0.00515,-10.30634,0.01735,SMARTSandicam
53063.21332,-12.71018,0.01020,-10.28541,0.01966,SMARTSandicam
53066.24101,-12.71215,0.00504,-10.21071,0.06266,SMARTSandicam
53067.26139,-12.71448,0.00444,-10.25428,0.02871,SMARTSandicam
53069.22859,-12.71803,0.00873,-10.29369,0.06232,EulerC2
53070.18768,-12.72136,0.00577,-10.25533,0.19861,SMARTSandicam
53074.17586,-12.73165,0.02047,-10.26725,0.08927,SMARTSandicam
53081.21656,-12.72205,0.00444,-10.25039,0.05335,SMARTSandicam
53088.11807,-12.76718,0.00964,-10.19216,0.07678,SMARTSandicam
53092.07597,-12.78675,0.00367,-10.26659,0.02167,SMARTSandicam
53100.08440,-12.78030,0.00616,-10.18377,0.08694,EulerC2
53103.23701,-12.79861,0.00641,-10.29150,0.03868,SMARTSandicam
53107.11334,-12.79632,0.00396,-10.14740,0.05430,SMARTSandicam
53111.09791,-12.79828,0.00554,-10.16519,0.08463,SMARTSandicam
53114.12212,-12.80741,0.00467,-10.14125,0.02260,SMARTSandicam
53128.07520,-12.88462,0.00519,-10.17131,0.06603,EulerC2
53129.09928,-12.86961,0.00681,-10.19038,0.09327,SMARTSandicam
53131.08055,-12.88575,0.00843,-10.11205,0.07704,EulerC2
53132.11064,-12.91300,0.01104,-10.14115,0.04862,SMARTSandicam
53135.97510,-12.90009,0.00867,-10.07953,0.03424,SMARTSandicam
53139.00494,-12.94372,0.00362,-10.24284,0.02885,SMARTSandicam
53147.02536,-12.93856,0.00344,-10.19485,0.03543,EulerC2
53150.01405,-12.95566,0.00471,-9.98848,0.18144,SMARTSandicam
53150.04910,-12.96049,0.00588,-10.21872,0.04715,EulerC2
53151.99278,-12.96623,0.00596,-10.26425,0.06810,EulerC2
53152.98970,-12.94956,0.00579,-10.06664,0.06321,SMARTSandicam
53156.01068,-12.96078,0.00425,-10.27264,0.04379,EulerC2
53158.05815,-12.96092,0.00800,-10.23665,0.06298,EulerC2
53159.08392,-12.96659,0.00940,-10.17859,0.08277,EulerC2
53160.98493,-12.98237,0.02205,-10.36480,0.05341,SMARTSandicam
53161.13693,-12.99169,0.01637,-10.36322,0.09900,EulerC2
53162.02705,-12.94672,0.00457,-10.20121,0.04544,EulerC2
53163.96818,-12.97821,0.00891,-10.32921,0.03601,SMARTSandicam
53169.05665,-12.96394,0.00486,-10.28083,0.04866,SMARTSandicam
53172.00652,-12.97356,0.01391,-10.28771,0.02126,SMARTSandicam
53177.98655,-12.98921,0.00652,-10.11683,0.21115,SMARTSandicam
53182.97473,-12.97901,0.00517,-10.27238,0.13700,SMARTSandicam
53185.01512,-12.96306,0.00897,-10.14456,0.08092,SMARTSandicam
53188.97281,-12.97825,0.00490,-10.36961,0.17023,SMARTSandicam
53193.00214,-12.93416,0.00292,-10.35599,0.02649,EulerC2
53195.99250,-12.92658,0.00333,-10.26996,0.08371,EulerC2
53200.97620,-12.94027,0.00604,-10.27764,0.03019,SMARTSandicam
53200.99100,-12.92736,0.00419,-10.24557,0.06838,EulerC2
53202.99674,-12.91851,0.00498,-10.37454,0.04107,EulerC2
53204.99322,-12.92202,0.00507,-10.33457,0.03353,EulerC2
53348.30869,-12.56886,0.00414,-9.96546,0.04563,SMARTSandicam
53352.31086,-12.55491,0.00750,-9.98108,0.15417,SMARTSandicam
53355.30869,-12.54207,0.00446,-9.92243,0.03219,SMARTSandicam
53357.27886,-12.54980,0.00476,-9.98371,0.11291,SMARTSandicam
53362.28614,-12.46916,0.00504,-9.94739,0.05757,SMARTSandicam
53368.29819,-12.46526,0.00576,-10.10059,0.12778,SMARTSandicam
53380.25138,-12.48854,0.00459,-10.01386,0.08879,SMARTSandicam
53381.25908,-12.49015,0.00632,-10.06563,0.02226,Mercator
53381.26126,-12.49493,0.00356,-10.12245,0.03165,EulerC2
53381.26369,-12.48914,0.00452,-10.11656,0.03502,SMARTSandicam
53382.28526,-12.49350,0.00369,-10.06039,0.03639,EulerC2
53383.22369,-12.49879,0.00735,-10.07808,0.03283,SMARTSandicam
53383.23419,-12.49127,0.01772,-10.03101,0.01586,Mercator
53383.25485,-12.49289,0.00341,-10.12741,0.02686,EulerC2
53384.22184,-12.48590,0.00289,-10.06320,0.03834,Mercator
53384.36848,-12.50335,0.00497,-10.14008,0.10144,EulerC2
53385.23422,-12.49175,0.00534,-10.06212,0.02504,Mercator
53385.25799,-12.50164,0.00964,-10.07610,0.07958,EulerC2
53386.23950,-12.49207,0.00336,-10.13216,0.02913,EulerC2
53387.29683,-12.48813,0.00555,-10.12462,0.02805,EulerC2
53388.24818,-12.51939,0.00340,-10.07153,0.07796,EulerC2
53389.27713,-12.49736,0.00352,-10.09313,0.04617,EulerC2
53393.12965,-12.50265,0.00568,-9.99222,0.03679,Mercator
53394.18028,-12.49786,0.00296,-10.12584,0.02117,Mercator
53394.30187,-12.52336,0.00475,-10.09899,0.05527,EulerC2
53395.20971,-12.48671,0.01164,-10.01815,0.26831,SMARTSandicam
53396.16507,-12.48434,0.01054,-9.98407,0.03528,Mercator
53402.23796,-12.48874,0.00673,-10.06536,0.03470,SMARTSandicam
53404.33497,-12.46810,0.00518,-10.03595,0.02758,SMARTSandicam
53405.32042,-12.46863,0.00348,-10.05829,0.10176,EulerC2
53406.24502,-12.47102,0.00383,-10.17685,0.02790,EulerC2
53407.27474,-12.46163,0.00447,-10.06471,0.04095,SMARTSandicam
53408.25479,-12.47317,0.00455,-10.12796,0.03139,EulerC2
53409.28961,-12.46574,0.00422,-10.08702,0.04096,EulerC2
53409.30121,-12.45150,0.00490,-10.04063,0.02178,SMARTSandicam
53410.24546,-12.46908,0.00485,-10.13296,0.05072,EulerC2
53411.32762,-12.45919,0.00516,-10.03229,0.06106,SMARTSandicam
53412.31526,-12.45187,0.00551,-10.07880,0.03998,EulerC2
53414.31103,-12.47911,0.01091,-10.05388,0.02549,SMARTSandicam
53417.28239,-12.44490,0.01040,-10.05160,0.03575,EulerC2
53420.30888,-12.39761,0.00438,-10.01106,0.02728,SMARTSandicam
53422.27589,-12.41910,0.01108,-9.97781,0.04308,SMARTSandicam
53428.27048,-12.40512,0.00671,-10.02312,0.08915,EulerC2
53429.29171,-12.40938,0.01260,-10.05776,0.17458,EulerC2
53430.25329,-12.40367,0.00575,-9.91715,0.15919,SMARTSandicam
53431.20745,-12.39663,0.00862,-9.94765,0.07247,EulerC2
53432.12226,-12.39426,0.00400,-9.98010,0.04110,EulerC2
53434.10461,-12.39017,0.00726,-10.00493,0.06066,EulerC2
53435.07988,-12.36160,0.00241,-9.92720,0.01106,Mercator
53436.12811,-12.37109,0.00428,-9.96367,0.05063,EulerC2
53438.01166,-12.35972,0.02256,-9.84640,0.06247,Mercator
53442.13433,-12.35158,0.00394,-9.90252,0.04491,EulerC2
53442.24930,-12.35361,0.00531,-9.88397,0.02846,SMARTSandicam
53444.22670,-12.33538,0.00754,-9.75993,0.03210,SMARTSandicam
53446.17633,-12.31393,0.00924,-9.92411,0.02748,SMARTSandicam
53448.21388,-12.32275,0.01336,-9.87654,0.02593,SMARTSandicam
53450.07670,-12.29513,0.00520,-9.88878,0.01805,Mercator
53450.14880,-12.29456,0.02414,-10.02194,0.05796,EulerC2
53456.07581,-12.32215,0.00588,-9.59203,0.02912,Mercator
53459.15034,-12.31622,0.00557,-9.67348,0.05760,SMARTSandicam
53462.09965,-12.28542,0.00522,-9.84407,0.03389,SMARTSandicam
53464.10534,-12.30431,0.01445,-9.68609,0.04344,SMARTSandicam
53467.30682,-12.27905,0.02326,-9.69129,0.10302,EulerC2
53469.03713,-12.27688,0.01246,-9.66757,0.04703,SMARTSandicam
53472.10916,-12.27257,0.00564,-9.89689,0.21116,SMARTSandicam
53472.97489,-12.28542,0.01466,-9.85286,0.04337,Mercator
53473.96574,-12.29406,0.00671,-9.79370,0.02328,Mercator
53474.24535,-12.28336,0.01112,-9.70380,0.04029,SMARTSandicam
53476.05466,-12.28589,0.00733,-9.80508,0.10852,EulerC2
53476.18500,-12.27038,0.00474,-9.81950,0.04405,SMARTSandicam
53477.96433,-12.27859,0.00473,-9.79077,0.03896,Mercator
53478.10104,-12.28384,0.00497,-9.85956,0.03898,SMARTSandicam
53483.01179,-12.33752,0.00894,-9.92846,0.03532,Mercator
53487.96659,-12.30792,0.00534,-9.83740,0.02359,Mercator
53488.96823,-12.32397,0.00480,-9.79811,0.01113,Mercator
53489.04699,-12.32016,0.00574,-9.80148,0.09166,EulerC2
53490.92123,-12.32230,0.00243,-9.91603,0.01877,Mercator
53491.13207,-12.31476,0.00736,-9.73535,0.11653,SMARTSandicam
53491.93648,-12.31717,0.00509,-9.81305,0.01809,Mercator
53492.96771,-12.32433,0.00343,-9.89511,0.02127,Mercator
53494.94929,-12.33446,0.00405,-9.79956,0.02615,Mercator
53495.94397,-12.33403,0.00534,-9.83663,0.01761,Mercator
53497.15299,-12.36061,0.01645,-9.83586,0.06976,EulerC2
53497.94753,-12.34576,0.01370,-9.71708,0.01193,Mercator
53498.94701,-12.35252,0.00584,-9.77763,0.01194,Mercator
53500.91427,-12.35196,0.00803,-9.69831,0.01121,Mercator
53501.03936,-12.33883,0.00579,-9.55960,0.08380,SMARTSandicam
53501.95370,-12.35247,0.00475,-9.73696,0.02726,Mercator
53502.04306,-12.35911,0.00503,-9.87391,0.07710,EulerC2
53502.97268,-12.31991,0.00818,-9.74600,0.02694,Mercator
53503.03963,-12.34274,0.00446,-9.68455,0.12008,SMARTSandicam
53506.05012,-12.36199,0.01225,-9.67732,0.09759,SMARTSandicam
53509.96196,-12.33099,0.01280,-9.78907,0.02381,Mercator
53512.02123,-12.34083,0.00638,-9.45380,0.14371,SMARTSandicam
53516.95978,-12.29996,0.01632,-9.77505,0.01164,Mercator
53521.07422,-12.28289,0.00471,-9.54799,0.06114,SMARTSandicam
53521.91306,-12.28624,0.01336,-9.63606,0.01843,Mercator
53523.04650,-12.25900,0.00517,-9.66601,0.10191,SMARTSandicam
53525.06943,-12.29457,0.00461,-9.76089,0.03684,SMARTSandicam
53528.00967,-12.26708,0.00649,-9.56016,0.04816,SMARTSandicam
53529.01270,-12.27223,0.00806,-9.53067,0.13853,SMARTSandicam
53542.01919,-12.36036,0.00822,-9.75260,0.10499,SMARTSandicam
53568.95989,-12.59418,0.01450,-9.68972,0.15900,SMARTSandicam
53569.99436,-12.57521,0.02332,-9.95516,0.06481,SMARTSandicam
53577.97650,-12.62470,0.00475,-9.94621,0.12828,SMARTSandicam
53582.96300,-12.65414,0.00622,-9.70651,0.19237,SMARTSandicam
53695.34672,-12.81334,0.00924,-10.13510,0.06257,EulerC2
53700.24067,-12.83035,0.00609,-10.17427,0.01474,Mercator
53709.24710,-12.79252,0.00386,-10.32365,0.02922,Mercator
53714.19690,-12.79305,0.00520,-10.38559,0.01296,Mercator
53715.31145,-12.81951,0.01818,-10.42029,0.02889,EulerC2
53716.33759,-12.79267,0.00514,-10.42181,0.04925,SMARTSandicam
53718.32500,-12.78832,0.00521,-10.35148,0.03060,SMARTSandicam
53719.20210,-12.79503,0.00462,-10.40245,0.05898,Mercator
53722.28285,-12.80096,0.02227,-10.50759,0.11086,SMARTSandicam
53726.31197,-12.76876,0.00365,-10.51746,0.07589,SMARTSandicam
53727.30780,-12.78631,0.00622,-10.56216,0.04201,SMARTSandicam
53730.35308,-12.72796,0.00437,-10.54728,0.03690,EulerC2
53732.26568,-12.69072,0.00402,-10.48302,0.03549,EulerC2
53733.32313,-12.69656,0.00417,-10.50757,0.01612,EulerC2
53734.34224,-12.69078,0.00318,-10.50269,0.01840,EulerC2
53735.27105,-12.68362,0.00341,-10.48100,0.01834,EulerC2
53741.27712,-12.69474,0.01591,-10.46599,0.03172,EulerC2
53747.24015,-12.72961,0.00870,-10.36339,0.04432,EulerC2
53749.26696,-12.74977,0.00543,-10.27404,0.05096,SMARTSandicam
53756.29434,-12.81469,0.00702,-10.26549,0.14629,SMARTSandicam
53757.18523,-12.83845,0.00662,-10.41378,0.06627,EulerC2
53758.26061,-12.82240,0.01272,-10.46402,0.03056,SMARTSandicam
53765.27681,-12.79806,0.00293,-10.37336,0.04171,EulerC2
53771.18631,-12.77667,0.01177,-10.31185,0.03720,EulerC2
53772.22134,-12.79545,0.00261,-10.31810,0.01750,Mercator
53775.19937,-12.79997,0.00441,-10.09156,0.08571,SMARTSandicam
53776.23953,-12.78805,0.00398,-10.29166,0.08139,EulerC2
53783.13620,-12.78926,0.00617,-10.07096,0.02448,Mercator
53784.28375,-12.79179,0.00640,-10.17007,0.03694,SMARTSandicam
53787.34110,-12.78476,0.00374,-10.13391,0.06386,EulerC2
53788.27786,-12.78750,0.00549,-10.20013,0.03924,SMARTSandicam
53790.35135,-12.77495,0.00371,-10.10934,0.05804,EulerC2
53791.30618,-12.78492,0.00637,-10.18535,0.01973,SMARTSandicam
53795.33401,-12.75298,0.00335,-10.15211,0.11060,EulerC2
53800.34432,-12.73324,0.00838,-10.11571,0.09043,EulerC2
53802.19795,-12.72369,0.00772,-10.22256,0.01884,SMARTSandicam
53803.01794,-12.70198,0.00879,-10.19302,0.01437,Mercator
53805.22529,-12.66225,0.01683,-10.06929,0.05710,SMARTSandicam
53806.16898,-12.65336,0.00506,-10.17181,0.05084,EulerC2
53807.03733,-12.64130,0.02075,-10.18379,0.06882,Mercator
53812.11799,-12.63237,0.00651,-9.83022,0.34190,SMARTSandicam
53813.07332,-12.60196,0.01115,-10.17460,0.01991,Mercator
53813.13052,-12.61321,0.00387,-10.18045,0.11068,EulerC2
53814.10128,-12.62238,0.01998,-10.11371,0.01515,Mercator
53816.09978,-12.61396,0.00524,-10.08169,0.01277,Mercator
53818.09708,-12.61563,0.01913,-9.95129,0.04914,Mercator
53818.17329,-12.61001,0.01216,-10.04250,0.04874,SMARTSandicam
53819.12793,-12.59715,0.01006,-10.12691,0.02907,EulerC2
53820.14859,-12.59527,0.00857,-10.08919,0.04989,EulerC2
53821.11456,-12.57829,0.00863,-10.13810,0.02611,EulerC2
53826.08721,-12.53329,0.00485,-9.95677,0.03786,SMARTSandicam
53827.23411,-12.55385,0.00425,-10.20401,0.09738,EulerC2
53828.10401,-12.55430,0.00385,-10.03294,0.05476,SMARTSandicam
53828.22692,-12.55406,0.00476,-10.14505,0.02988,EulerC2
53829.12152,-12.54468,0.01184,-10.14912,0.05327,EulerC2
53831.08343,-12.53453,0.00441,-9.94893,0.10869,SMARTSandicam
53832.17596,-12.50813,0.01076,-9.94064,0.04371,SMARTSandicam
53834.12280,-12.51122,0.00550,-10.18321,0.06363,SMARTSandicam
53840.11895,-12.47254,0.00595,-10.14835,0.06266,EulerC2
53841.09684,-12.45003,0.00468,-10.28404,0.04699,SMARTSandicam
53843.21007,-12.48301,0.02857,-10.25777,0.12629,SMARTSandicam
53844.17458,-12.45440,0.00473,-10.16525,0.03817,EulerC2
53845.13762,-12.43237,0.02262,-10.08167,0.13380,SMARTSandicam
53846.09433,-12.43856,0.00476,-10.14650,0.03215,EulerC2
53847.10427,-12.42552,0.02690,-10.02443,0.06646,SMARTSandicam
53848.04356,-12.43505,0.00893,-10.16331,0.04176,EulerC2
53849.07136,-12.42828,0.00511,-10.18888,0.08751,SMARTSandicam
53850.05195,-12.43160,0.00579,-10.14163,0.05388,EulerC2
53852.03646,-12.43116,0.00438,-10.24066,0.02183,SMARTSandicam
53852.06561,-12.45980,0.00660,-10.19990,0.02677,EulerC2
53854.16049,-12.47844,0.01879,-10.26270,0.21091,SMARTSandicam
53856.13339,-12.44337,0.00572,-10.18649,0.02141,SMARTSandicam
53858.04065,-12.48105,0.00466,-10.14656,0.02928,EulerC2
53861.11667,-12.44454,0.02475,-10.04490,0.06042,SMARTSandicam
53862.11120,-12.47797,0.02535,-10.34746,0.12173,SMARTSandicam
53866.07552,-12.48841,0.00961,-10.15874,0.08190,SMARTSandicam
53868.02580,-12.47185,0.01228,-9.91239,0.11798,SMARTSandicam
53868.97443,-12.50761,0.00649,-10.28402,0.02378,Mercator
53869.00377,-12.52246,0.01648,-10.14327,0.07081,EulerC2
53871.02490,-12.51025,0.00429,-10.13846,0.01366,Mercator
53871.02590,-12.52310,0.00476,-10.13115,0.03003,SMARTSandicam
53873.00109,-12.53296,0.00385,-10.28590,0.03979,EulerC2
53873.01782,-12.52812,0.00733,-10.17931,0.02292,Mercator
53873.06935,-12.51780,0.00379,-10.20784,0.03226,SMARTSandicam
53874.96039,-12.51684,0.00928,-10.19923,0.00876,Mercator
53874.97279,-12.55307,0.00420,-10.27782,0.03545,SMARTSandicam
53876.98295,-12.51643,0.01435,-10.13011,0.01048,Mercator
53879.98640,-12.50583,0.00483,-10.07975,0.02465,SMARTSandicam
53881.95323,-12.53725,0.01228,-10.10370,0.09395,SMARTSandicam
53884.04506,-12.54699,0.01251,-10.32436,0.06885,EulerC2
53885.95132,-12.53168,0.01859,-10.12849,0.06989,SMARTSandicam
53889.96205,-12.56856,0.00571,-9.88227,0.17246,SMARTSandicam
53890.15751,-12.60927,0.00651,-10.12359,0.31208,EulerC2
53898.03056,-12.61112,0.00556,-9.99286,0.10610,SMARTSandicam
53900.08266,-12.58950,0.00481,-9.83706,0.08061,EulerC2
53904.96793,-12.63996,0.00445,-10.02386,0.02783,SMARTSandicam
53907.04371,-12.60878,0.00748,-9.84513,0.05361,SMARTSandicam
53908.05432,-12.61933,0.00362,-9.92539,0.11751,EulerC2
53912.00550,-12.59321,0.00708,-9.96993,0.02602,SMARTSandicam
53912.97055,-12.59299,0.00715,-9.90502,0.04212,EulerC2
53915.01136,-12.57230,0.00654,-9.80753,0.18088,SMARTSandicam
53916.96946,-12.58971,0.00688,-9.70047,0.10885,EulerC2
53924.98120,-12.63398,0.00619,-9.82173,0.14166,EulerC2
53927.00130,-12.66432,0.01615,-10.03688,0.15353,EulerC2
53936.97221,-12.83852,0.01313,-9.75205,0.09052,EulerC2
54065.32159,-13.39617,0.00242,-10.40215,0.03816,SMARTSandicam
54071.31264,-13.32340,0.00834,-10.27494,0.03814,SMARTSandicam
54080.32338,-13.32038,0.00322,-10.28439,0.07694,SMARTSandicam
54082.23631,-13.30681,0.00220,-10.32820,0.01525,Mercator
54084.25196,-13.34855,0.00197,-10.38592,0.01042,Mercator
54084.32728,-13.33521,0.00275,-10.35229,0.04616,EulerC2
54086.34063,-13.37005,0.00282,-10.28587,0.03581,EulerC2
54087.26809,-13.37781,0.01111,-10.37476,0.07746,SMARTSandicam
54089.33271,-13.38793,0.00269,-10.38406,0.02559,EulerC2
54091.31970,-13.39842,0.00237,-10.40899,0.02730,EulerC2
54093.32220,-13.39579,0.00297,-10.42649,0.05161,SMARTSandicam
54097.31514,-13.39350,0.00455,-10.47981,0.05611,EulerC2
54100.30890,-13.35009,0.00405,-10.44775,0.04603,SMARTSandicam
54103.30143,-13.31846,0.00367,-10.52602,0.04769,EulerC2
54105.29990,-13.31965,0.00424,-10.58273,0.04433,EulerC2
54107.31625,-13.29694,0.00496,-10.59031,0.08073,SMARTSandicam
54110.20578,-13.32648,0.00161,-10.56497,0.02037,Mercator
54111.30867,-13.34036,0.00409,-10.73873,0.04521,EulerC2
54114.25910,-13.31493,0.00880,-10.67941,0.01402,SMARTSandicam
54117.17463,-13.38609,0.00174,-10.61097,0.01931,Mercator
54118.27898,-13.38815,0.00356,-10.55979,0.05057,EulerC2
54120.19970,-13.39280,0.00240,-10.60931,0.00742,Mercator
54121.30419,-13.37564,0.00439,-10.62374,0.07055,SMARTSandicam
54122.19874,-13.41531,0.00306,-10.62014,0.03454,EulerC2
54122.21046,-13.42611,0.00372,-10.60221,0.01359,Mercator
54125.28344,-13.45792,0.00236,-10.65848,0.01754,EulerC2
54128.26501,-13.44433,0.00215,-10.60776,0.06046,SMARTSandicam
54131.20693,-13.45725,0.00298,-10.62198,0.03844,EulerC2
54135.18774,-13.39526,0.00402,-10.72525,0.04939,EulerC2
54140.17054,-13.30697,0.00563,-10.68925,0.07035,EulerC2
54140.18961,-13.31289,0.00578,-10.62605,0.01141,Mercator
54142.22173,-13.28887,0.00159,-10.70328,0.01177,Mercator
54145.16891,-13.29910,0.00149,-10.67485,0.00616,Mercator
54145.28324,-13.29698,0.00220,-10.73466,0.01482,EulerC2
54147.23897,-13.26809,0.00424,-10.59391,0.05551,SMARTSandicam
54150.17411,-13.25948,0.00232,-10.72533,0.02610,EulerC2
54151.27565,-13.20920,0.00794,-10.62753,0.06037,SMARTSandicam
54153.12399,-13.22536,0.00346,-10.63443,0.01365,Mercator
54154.19712,-13.20535,0.00781,-10.64325,0.14767,SMARTSandicam
54155.27366,-13.22494,0.00381,-10.64557,0.01502,EulerC2
54158.27218,-13.17921,0.00272,-10.60345,0.02097,SMARTSandicam
54161.10581,-13.14474,0.00487,-10.69216,0.04975,EulerC2
54161.23438,-13.16320,0.00409,-10.69700,0.02796,SMARTSandicam
54166.20242,-13.11099,0.01745,-10.60415,0.02717,Mercator
54168.33624,-13.12301,0.00365,-10.48788,0.11576,SMARTSandicam
54169.12178,-13.13024,0.01108,-10.59805,0.02493,EulerC2
54172.30712,-13.10696,0.00276,-10.54561,0.01634,SMARTSandicam
54174.10607,-13.12642,0.00361,-10.55596,0.01935,EulerC2
54176.27725,-13.13510,0.00422,-10.57682,0.03557,SMARTSandicam
54179.06917,-13.14783,0.00270,-10.56790,0.02834,EulerC2
54179.23562,-13.13784,0.00296,-10.62936,0.02172,SMARTSandicam
54183.12104,-13.12966,0.00239,-10.61846,0.01692,EulerC2
54197.04422,-13.12619,0.00295,-10.46365,0.03245,EulerC2
54200.17186,-13.18784,0.00338,-10.44734,0.02703,EulerC2
54203.08323,-13.21553,0.00170,-10.54965,0.01753,Mercator
54203.13172,-13.21379,0.00514,-10.49566,0.02289,EulerC2
54204.13361,-13.21613,0.00666,-10.44132,0.02291,EulerC2
54205.21052,-13.21689,0.00284,-10.42458,0.10034,SMARTSandicam
54207.19723,-13.20829,0.00739,-10.42570,0.02635,EulerC2
54211.92754,-13.22376,0.00168,-10.50512,0.00643,Mercator
54213.00653,-13.19567,0.00888,-10.53585,0.04620,EulerC2
54216.00781,-13.17970,0.01249,-10.54670,0.04391,EulerC2
54216.02672,-13.18335,0.00576,-10.52848,0.01290,Mercator
54216.08935,-13.17021,0.00524,-10.44510,0.14319,SMARTSandicam
54227.96021,-13.23291,0.00623,-10.59126,0.04471,Mercator
54229.14133,-13.24072,0.00244,-10.47831,0.02726,EulerC2
54230.06653,-13.22978,0.00244,-10.48507,0.06451,SMARTSandicam
54231.00689,-13.24632,0.00924,-10.46582,0.04401,EulerC2
54234.08356,-13.25313,0.00906,-10.36660,0.03231,EulerC2
54235.06955,-13.27811,0.00396,-10.53327,0.02004,EulerC2
54235.16014,-13.27410,0.00374,-10.53457,0.01701,SMARTSandicam
54237.09956,-13.27968,0.00284,-10.50649,0.03191,EulerC2
54239.13608,-13.34561,0.00436,-10.45195,0.10301,SMARTSandicam
54243.09036,-13.41995,0.00351,-10.48375,0.02951,SMARTSandicam
54244.05829,-13.40946,0.00281,-10.51896,0.09546,SMARTSandicam
54255.05711,-13.50674,0.00257,-10.38064,0.12605,SMARTSandicam
54261.06484,-13.50159,0.00865,-10.53922,0.29126,SMARTSandicam
54263.07007,-13.50847,0.00982,-10.50277,0.08742,SMARTSandicam
54269.02445,-13.51552,0.00274,-10.49421,0.07681,SMARTSandicam
54272.01867,-13.51014,0.00927,-10.46194,0.11022,SMARTSandicam
54274.98925,-13.49344,0.00335,-10.62776,0.14968,SMARTSandicam
54280.02948,-13.44961,0.00380,-10.38786,0.26116,SMARTSandicam
54284.04099,-13.45730,0.00664,-10.37251,0.03430,SMARTSandicam
54290.95821,-13.52505,0.00820,-10.68134,0.19848,SMARTSandicam
54297.00229,-13.53611,0.00282,-10.46295,0.02044,SMARTSandicam
54300.00612,-13.51680,0.00376,-10.63302,0.01928,SMARTSandicam
54438.28217,-13.28748,0.00214,-10.60217,0.02333,Mercator
54439.26670,-13.26392,0.00229,-10.55915,0.01016,Mercator
54447.33178,-13.24465,0.00271,-10.62412,0.03096,EulerC2
54449.33142,-13.27248,0.00360,-10.70354,0.04900,SMARTSandicam
54456.24844,-13.23640,0.00656,-10.79145,0.03176,Mercator
54456.29768,-13.23319,0.00989,-10.74218,0.07348,SMARTSandicam
54456.31622,-13.23131,0.00743,-10.71783,0.02774,EulerC2
54462.29965,-13.22533,0.00339,-10.81638,0.03240,EulerC2
54472.31522,-13.14213,0.00277,-10.77411,0.01129,SMARTSandicam
54476.26111,-13.11918,0.00491,-10.84255,0.02032,EulerC2
54480.32167,-13.16010,0.00565,-10.83922,0.01213,SMARTSandicam
54485.27822,-13.13295,0.00313,-10.84882,0.02502,EulerC2
54487.29989,-13.11026,0.00553,-10.68032,0.10839,SMARTSandicam
54492.27599,-13.08509,0.01210,-10.80993,0.04117,EulerC2
54494.36273,-13.05692,0.00496,-10.67271,0.13021,SMARTSandicam
54495.28751,-13.07387,0.00475,-10.72132,0.01540,SMARTSandicam
54497.25373,-13.03351,0.00741,-10.80254,0.04026,EulerC2
54501.22336,-13.09133,0.00304,-10.77154,0.01980,EulerC2
54502.31637,-13.07521,0.00843,-10.68223,0.04102,SMARTSandicam
54504.20529,-13.07145,0.00856,-10.78450,0.02023,EulerC2
54507.21133,-13.08954,0.00467,-10.72808,0.01282,Mercator
54508.19640,-13.08028,0.00282,-10.77631,0.01400,EulerC2
54509.16356,-13.07582,0.00405,-10.67854,0.04496,SMARTSandicam
54510.26386,-13.09038,0.00230,-10.73089,0.01448,EulerC2
54514.39757,-13.13150,0.00834,-10.72367,0.04422,EulerC2
54516.17087,-13.16737,0.00535,-10.68960,0.04376,EulerC2
54516.27018,-13.15163,0.01376,-10.61787,0.04047,SMARTSandicam
54521.25266,-13.22896,0.00601,-10.67245,0.03193,EulerC2
54523.22944,-13.21689,0.00347,-10.68824,0.01793,SMARTSandicam
54524.22613,-13.23505,0.00242,-10.72356,0.02186,EulerC2
54528.12277,-13.25363,0.00658,-10.74100,0.01668,EulerC2
54532.19017,-13.29280,0.00248,-10.66217,0.01945,EulerC2
54534.14829,-13.33152,0.00223,-10.69276,0.00594,Mercator
54534.26718,-13.32789,0.00390,-10.61696,0.05777,SMARTSandicam
54536.25418,-13.35547,0.00305,-10.61885,0.03242,EulerC2
54539.01877,-13.39992,0.00774,-10.68054,0.01266,Mercator
54541.07071,-13.43354,0.00540,-10.68963,0.00725,Mercator
54542.17506,-13.42790,0.00365,-10.76276,0.06473,SMARTSandicam
54543.21337,-13.44625,0.00629,-10.61822,0.03467,EulerC2
54545.24874,-13.45910,0.00304,-10.69037,0.04096,EulerC2
54548.09368,-13.49895,0.00680,-10.76080,0.02838,Mercator
54548.13710,-13.48561,0.00821,-10.66800,0.05142,EulerC2
54549.15938,-13.48461,0.00780,-10.53298,0.05462,EulerC2
54550.21729,-13.50821,0.00232,-10.67224,0.04948,EulerC2
54551.18959,-13.52368,0.01156,-10.69135,0.03816,EulerC2
54552.13439,-13.52739,0.00547,-10.62141,0.02382,EulerC2
54554.22178,-13.54724,0.00270,-10.65737,0.04141,SMARTSandicam
54557.06407,-13.57381,0.00200,-10.59316,0.04887,EulerC2
54562.13460,-13.59683,0.00231,-10.64862,0.01279,SMARTSandicam
54569.20807,-13.60295,0.00334,-10.60646,0.01977,SMARTSandicam
54573.15448,-13.61917,0.00319,-10.62800,0.07317,EulerC2
54580.93519,-13.62653,0.00172,-10.49491,0.01199,Mercator
54582.14142,-13.62697,0.00294,-10.44832,0.03543,SMARTSandicam
54582.18897,-13.62434,0.00209,-10.43061,0.04428,EulerC2
54585.94106,-13.61616,0.00132,-10.50820,0.03297,Mercator
54586.94113,-13.63788,0.00214,-10.46738,0.01788,Mercator
54587.98210,-13.58721,0.01931,-10.46660,0.06499,EulerC2
54588.08585,-13.62726,0.00269,-10.48216,0.01480,SMARTSandicam
54589.10753,-13.63723,0.00289,-10.49755,0.03452,SMARTSandicam
54589.95533,-13.62785,0.00135,-10.57549,0.01593,Mercator
54590.99941,-13.59806,0.00634,-10.46492,0.03552,EulerC2
54594.12739,-13.60027,0.00379,-10.57441,0.05068,SMARTSandicam
54595.01232,-13.56540,0.00202,-10.46572,0.07551,EulerC2
54596.15809,-13.57892,0.00237,-10.44388,0.03168,EulerC2
54598.98608,-13.51993,0.01661,-10.51970,0.06945,EulerC2
54606.13792,-13.54219,0.00592,-10.56991,0.04051,EulerC2
54606.97610,-13.51852,0.01070,-10.57535,0.03739,EulerC2
54608.06067,-13.53175,0.00219,-10.60432,0.03856,EulerC2
54608.07731,-13.54559,0.00246,-10.65170,0.01971,SMARTSandicam
54611.93471,-13.49584,0.00443,-10.63351,0.03564,Mercator
54617.98807,-13.46273,0.00240,-10.71809,0.10750,EulerC2
54618.91540,-13.47672,0.00449,-10.70232,0.03025,Mercator
54623.89594,-13.50607,0.00485,-10.75584,0.01146,Mercator
54626.02596,-13.47528,0.01228,-10.86261,0.09395,SMARTSandicam
54630.95149,-13.53829,0.00162,-10.92994,0.01851,Mercator
54632.96190,-13.52904,0.00459,-10.87716,0.03989,EulerC2
54633.01341,-13.52976,0.00436,-10.92388,0.02709,SMARTSandicam
54639.01726,-13.52149,0.00197,-10.97443,0.01551,EulerC2
54639.05402,-13.52043,0.00561,-11.02616,0.07988,SMARTSandicam
54643.04598,-13.56451,0.01429,-11.03170,0.01358,SMARTSandicam
54643.96976,-13.55136,0.00906,-10.98125,0.01815,EulerC2
54647.03992,-13.58202,0.00885,-11.17905,0.02797,SMARTSandicam
54647.97298,-13.58483,0.00434,-11.03736,0.02423,EulerC2
54653.01841,-13.56891,0.00529,-11.05751,0.01554,EulerC2
54654.01535,-13.56407,0.01161,-11.11957,0.01386,SMARTSandicam
54658.01400,-13.51288,0.01134,-11.07379,0.03486,EulerC2
54658.01619,-13.53987,0.00763,-11.16668,0.02443,SMARTSandicam
54661.98977,-13.48683,0.00393,-11.13971,0.01852,EulerC2
54664.96583,-13.44456,0.01228,-11.23579,0.09395,SMARTSandicam
54684.96889,-13.45371,0.00562,-11.16750,0.07215,SMARTSandicam
54802.32050,-14.01868,0.00346,-11.16237,0.00983,SMARTSandicam
54806.33211,-14.02680,0.00460,-11.11752,0.04257,SMARTSandicam
54809.29566,-13.99518,0.00447,-11.18776,0.03954,SMARTSandicam
54813.32802,-13.96677,0.00626,-11.25371,0.03097,SMARTSandicam
54813.35421,-13.96591,0.00210,-11.32487,0.01877,EulerC2
54817.34453,-13.89860,0.00265,-11.29088,0.02219,EulerC2
54820.32734,-13.89249,0.00477,-11.33075,0.01280,SMARTSandicam
54823.27020,-13.90029,0.00441,-11.31597,0.01447,SMARTSandicam
54823.29837,-13.89251,0.00243,-11.33403,0.03083,EulerC2
54827.34618,-13.91533,0.00532,-11.36785,0.04041,SMARTSandicam
54828.31656,-13.90226,0.00164,-11.39969,0.01750,EulerC2
54830.35272,-13.91213,0.00844,-11.41982,0.00947,EulerC2
54833.34028,-13.92585,0.00304,-11.46548,0.00943,EulerC2
54837.30908,-13.96990,0.00398,-11.48271,0.00989,SMARTSandicam
54837.34065,-13.95973,0.00678,-11.50237,0.00826,EulerC2
54840.28046,-14.02424,0.00499,-11.56742,0.01161,SMARTSandicam
54841.25296,-14.01765,0.00223,-11.58009,0.01773,EulerC2
54845.24720,-13.99383,0.00468,-11.61942,0.03974,SMARTSandicam
54852.31923,-13.89571,0.00315,-11.64916,0.01037,SMARTSandicam
54853.24006,-13.86424,0.00313,-11.55923,0.00846,EulerC2
54856.23183,-13.90393,0.00448,-11.57264,0.00760,SMARTSandicam
54860.24672,-13.89821,0.00219,-11.51969,0.00737,SMARTSandicam
54864.33127,-13.91075,0.00348,-11.51957,0.00733,SMARTSandicam
54867.25706,-13.94673,0.00198,-11.56552,0.01210,EulerC2
54868.27337,-13.93978,0.00283,-11.53947,0.00722,SMARTSandicam
54869.21662,-13.94563,0.00213,-11.57290,0.01167,EulerC2
54871.28294,-13.96022,0.00630,-11.53380,0.01849,EulerC2
54876.22522,-13.93181,0.00290,-11.54190,0.01347,SMARTSandicam
54876.33822,-13.93625,0.00211,-11.51690,0.01465,EulerC2
54877.22162,-13.91631,0.00412,-11.53975,0.01272,EulerC2
54878.25318,-13.95273,0.00311,-11.58608,0.00886,EulerC2
54883.33382,-14.01250,0.00511,-11.49630,0.02273,SMARTSandicam
54888.15854,-14.01075,0.00326,-11.59491,0.02030,EulerC2
54890.22691,-14.00395,0.00314,-11.65352,0.01725,SMARTSandicam
54892.24913,-13.99491,0.01228,-11.67203,0.09395,SMARTSandicam
54894.27044,-14.01113,0.00347,-11.61500,0.03543,SMARTSandicam
54895.18233,-14.01027,0.00272,-11.64056,0.00643,SMARTSandicam
54896.25915,-14.03372,0.00573,-11.66043,0.01148,SMARTSandicam
54899.18044,-14.06244,0.00285,-11.60505,0.02619,EulerC2
54903.19516,-14.03283,0.00271,-11.63345,0.01855,EulerC2
54903.24730,-14.05468,0.00597,-11.53431,0.09154,SMARTSandicam
54904.14648,-14.04801,0.00313,-11.57111,0.01697,EulerC2
54905.16718,-14.03735,0.00215,-11.51292,0.01183,EulerC2
54905.23134,-14.03847,0.00361,-11.52999,0.01153,SMARTSandicam
54906.16951,-14.04270,0.00553,-11.51655,0.01349,EulerC2
54907.17707,-14.03274,0.00190,-11.45960,0.01017,EulerC2
54908.15560,-14.01773,0.00758,-11.47983,0.02552,EulerC2
54910.16572,-14.03933,0.01069,-11.45241,0.00932,EulerC2
54912.24388,-14.02732,0.00254,-11.44760,0.00685,SMARTSandicam
54914.20051,-14.03523,0.00331,-11.43221,0.03395,EulerC2
54915.26307,-14.02843,0.00288,-11.44864,0.01331,SMARTSandicam
54918.20524,-13.98952,0.00206,-11.45192,0.00664,SMARTSandicam
54919.12985,-13.98053,0.00693,-11.46746,0.00904,EulerC2
54922.17138,-13.94922,0.00373,-11.51808,0.01001,SMARTSandicam
54924.13994,-13.95172,0.00652,-11.53333,0.00992,EulerC2
54926.07451,-13.97868,0.00218,-11.57090,0.02298,EulerC2
54927.16762,-14.00264,0.00612,-11.54652,0.01483,SMARTSandicam
54932.15999,-14.03461,0.00253,-11.66447,0.01482,EulerC2
54933.22171,-14.05006,0.01987,-11.64274,0.03299,SMARTSandicam
54934.12531,-14.06095,0.00201,-11.62648,0.01093,EulerC2
54937.14927,-14.06264,0.01228,-11.57599,0.09395,SMARTSandicam
54940.08743,-14.12135,0.00301,-11.54506,0.01329,EulerC2
54943.08560,-14.17496,0.00170,-11.52539,0.00673,SMARTSandicam
54945.07509,-14.16458,0.00566,-11.46394,0.01448,EulerC2
54950.09799,-14.22457,0.00424,-11.52490,0.00694,SMARTSandicam
54950.17638,-14.22821,0.00611,-11.54497,0.01930,EulerC2
54960.99061,-14.30584,0.00820,-11.59546,0.02249,EulerC2
54965.15498,-14.22680,0.00900,-11.52061,0.00946,SMARTSandicam
54965.98509,-14.20479,0.00689,-11.53483,0.01639,EulerC2
54972.02523,-14.12881,0.00526,-11.60766,0.01685,EulerC2
54972.11002,-14.15171,0.00582,-11.64086,0.01036,SMARTSandicam
54978.00158,-14.13390,0.00283,-11.61867,0.00736,EulerC2
54985.10084,-14.23342,0.00427,-11.66215,0.01434,SMARTSandicam
54990.08953,-14.24412,0.00190,-11.69620,0.02288,SMARTSandicam
54991.97393,-14.26377,0.00426,-11.72654,0.01194,EulerC2
54994.08028,-14.26761,0.00188,-11.69015,0.00843,SMARTSandicam
54997.96471,-14.27981,0.01023,-11.69607,0.01190,EulerC2
55011.96192,-14.21294,0.01272,-11.76856,0.05260,EulerC2
55018.96869,-14.22559,0.00776,-11.69419,0.01324,EulerC2
55020.97843,-14.19637,0.00200,-11.64657,0.01592,EulerC2
55022.97300,-14.15463,0.01251,-11.69918,0.06885,EulerC2
55031.96393,-14.13370,0.00235,-11.76866,0.01259,EulerC2
55036.95972,-14.21746,0.01251,-11.86565,0.06885,EulerC2
55176.34758,-14.25143,0.00805,-11.88213,0.00680,SMARTSandicam
55183.33947,-14.32406,0.00298,-11.87276,0.00567,SMARTSandicam
55190.32885,-14.35859,0.00241,-11.78151,0.01130,SMARTSandicam
55199.27741,-14.37397,0.00400,-11.66606,0.04458,SMARTSandicam
55200.30873,-14.37158,0.00281,-11.62012,0.01259,SMARTSandicam
55203.33915,-14.37120,0.00406,-11.62278,0.01143,EulerC2
55207.31049,-14.29149,0.00222,-11.60051,0.01295,EulerC2
55207.31062,-14.26636,0.00603,-11.57470,0.01214,SMARTSandicam
55211.25642,-14.24884,0.00171,-11.52734,0.01135,EulerC2
55214.29951,-14.17480,0.00269,-11.52251,0.01092,SMARTSandicam
55215.25190,-14.18746,0.00195,-11.53350,0.01412,EulerC2
55219.26207,-14.15667,0.00218,-11.52177,0.00915,EulerC2
55222.28528,-14.13879,0.00398,-11.57112,0.00726,SMARTSandicam
55231.30763,-14.10300,0.00537,-11.62549,0.02426,EulerC2
55234.29809,-14.07474,0.00484,-11.62644,0.00837,SMARTSandicam
55235.24052,-14.04899,0.00238,-11.68579,0.00728,EulerC2
55239.19003,-13.98756,0.00222,-11.69570,0.01609,EulerC2
55241.27325,-14.00916,0.00313,-11.65901,0.02862,SMARTSandicam
55242.26529,-14.00876,0.00404,-11.66956,0.00861,SMARTSandicam
55243.26747,-14.01635,0.00195,-11.63587,0.00659,EulerC2
55244.25723,-14.03564,0.00648,-11.64814,0.00604,EulerC2
55246.20328,-14.02402,0.00294,-11.60304,0.00999,EulerC2
55247.23164,-14.02417,0.00291,-11.58794,0.00793,EulerC2
55247.38038,-14.02840,0.01228,-11.57694,0.09395,SMARTSandicam
55248.17500,-14.01442,0.00208,-11.57564,0.00927,EulerC2
55248.18362,-14.03032,0.00295,-11.58359,0.01750,SMARTSandicam
55249.25556,-14.00781,0.00208,-11.55075,0.00728,EulerC2
55250.21100,-13.99549,0.00262,-11.56729,0.00786,EulerC2
55251.19317,-13.97989,0.00215,-11.55643,0.00941,EulerC2
55252.27459,-13.95816,0.00210,-11.49519,0.05191,EulerC2
55253.24785,-13.94720,0.00329,-11.56543,0.01415,EulerC2
55254.13982,-13.92299,0.00264,-11.56114,0.02457,EulerC2
55254.19336,-13.91076,0.00642,-11.53681,0.01357,SMARTSandicam
55255.17759,-13.89930,0.00306,-11.54265,0.02276,EulerC2
55259.18410,-13.81233,0.00412,-11.52695,0.02217,EulerC2
55261.23586,-13.76408,0.00604,-11.58198,0.03848,SMARTSandicam
55263.24311,-13.80698,0.00209,-11.48249,0.02180,EulerC2
55267.10584,-13.84432,0.00645,-11.57168,0.02604,EulerC2
55268.20414,-13.82436,0.00371,-11.57518,0.01173,SMARTSandicam
55271.19899,-13.80206,0.00255,-11.60635,0.00719,EulerC2
55272.18421,-13.80077,0.00538,-11.63368,0.00961,EulerC2
55273.24417,-13.78789,0.00697,-11.61317,0.01301,SMARTSandicam
55274.19791,-13.79588,0.00188,-11.63148,0.00699,EulerC2
55275.14155,-13.77376,0.00227,-11.64572,0.00794,EulerC2
55276.15082,-13.76851,0.00238,-11.67166,0.01208,EulerC2
55278.16187,-13.74220,0.00594,-11.64415,0.00706,EulerC2
55280.13151,-13.72790,0.00238,-11.67165,0.01805,EulerC2
55280.23811,-13.71757,0.00729,-11.70075,0.00656,SMARTSandicam
55281.09327,-13.73182,0.00445,-11.71777,0.01712,EulerC2
55282.11010,-13.72218,0.00241,-11.73028,0.01572,EulerC2
55290.15996,-13.76741,0.00285,-11.75961,0.00685,SMARTSandicam
55291.14184,-13.75061,0.00397,-11.74964,0.00628,EulerC2
55295.13594,-13.69172,0.00315,-11.71927,0.00608,EulerC2
55297.13357,-13.66321,0.00237,-11.72143,0.00567,SMARTSandicam
55299.12367,-13.64533,0.00252,-11.64734,0.03587,EulerC2
55304.07921,-13.59468,0.00339,-11.61702,0.00728,SMARTSandicam
55304.09454,-13.58896,0.00224,-11.61501,0.00863,EulerC2
55308.11035,-13.60628,0.00394,-11.55064,0.01853,EulerC2
55313.06878,-13.56380,0.01228,-11.59621,0.09395,SMARTSandicam
55314.07622,-13.55150,0.00581,-11.61613,0.02536,EulerC2
55317.11176,-13.52712,0.01140,-11.66314,0.01367,SMARTSandicam
55321.09059,-13.45887,0.00234,-11.46160,0.01073,EulerC2
55324.04611,-13.42149,0.00595,-11.45450,0.01366,EulerC2
55325.09809,-13.42653,0.00273,-11.47198,0.00951,SMARTSandicam
55335.06438,-13.33158,0.00585,-11.42066,0.00839,SMARTSandicam
55335.07069,-13.33981,0.00212,-11.40871,0.00871,EulerC2
55337.06403,-13.34126,0.01251,-11.33630,0.06885,EulerC2
55341.01169,-13.32096,0.00470,-11.37070,0.02976,EulerC2
55341.03914,-13.31417,0.00954,-11.36748,0.01595,SMARTSandicam
55341.96571,-13.32149,0.00727,-11.39264,0.01969,EulerC2
55346.98996,-13.42524,0.01102,-11.33121,0.00961,SMARTSandicam
55347.02560,-13.41598,0.00392,-11.29142,0.01441,EulerC2
55348.04061,-13.43415,0.00205,-11.28941,0.02150,EulerC2
55354.00139,-13.46675,0.00346,-11.21635,0.00870,SMARTSandicam
55364.01347,-13.49805,0.00618,-11.18657,0.03148,EulerC2
55364.98515,-13.50202,0.01370,-11.18334,0.01734,SMARTSandicam
55372.96206,-13.49381,0.00346,-11.08855,0.03013,EulerC2
55373.00753,-13.47699,0.01615,-11.26486,0.08858,SMARTSandicam
55378.01064,-13.44676,0.00269,-11.13018,0.02201,EulerC2
55381.01782,-13.44386,0.00899,-11.14718,0.03177,SMARTSandicam
55384.98159,-13.51908,0.00901,-11.10518,0.01992,EulerC2
55388.99518,-13.57064,0.00216,-11.01163,0.01625,EulerC2
55389.98641,-13.56739,0.00873,-11.14146,0.01186,SMARTSandicam
55399.96595,-13.63409,0.00862,-10.96368,0.03648,EulerC2
55526.34754,-13.56236,0.00262,-10.92823,0.00947,EulerCAM
55544.34824,-13.48293,0.00495,-11.07805,0.00973,EulerCAM
55551.32344,-13.36964,0.01028,-11.12795,0.05163,EulerCAM
55555.30733,-13.29298,0.00209,-11.10163,0.00860,EulerCAM
55564.33050,-13.21237,0.00134,-10.93868,0.00810,EulerCAM
55566.33720,-13.18591,0.00305,-10.91621,0.00639,EulerCAM
55569.34519,-13.20930,0.00418,-10.88959,0.00783,EulerCAM
55573.32614,-13.18635,0.00460,-10.91709,0.00506,EulerCAM
55576.24796,-13.16852,0.00192,-10.98875,0.00625,EulerCAM
55581.37071,-13.11434,0.00433,-10.96832,0.01287,EulerCAM
55589.33059,-13.14803,0.00187,-10.88994,0.01260,EulerCAM
55597.24868,-13.17247,0.00203,-10.90447,0.00523,EulerCAM
55600.28048,-13.19151,0.00336,-10.93923,0.01048,EulerCAM
55601.21288,-13.18556,0.00357,-10.93803,0.00750,EulerCAM
55607.16818,-13.27950,0.00391,-10.98558,0.02073,EulerCAM
55615.19397,-13.41890,0.00212,-10.97344,0.01674,EulerCAM
55619.25256,-13.44081,0.01028,-10.98115,0.05163,EulerCAM
55637.15877,-13.47014,0.01028,-10.99141,0.05163,EulerCAM
55638.08004,-13.43088,0.00422,-10.87801,0.02844,EulerCAM
55642.11915,-13.44287,0.00229,-10.88929,0.01134,EulerCAM
55646.10294,-13.43434,0.00300,-10.81340,0.01185,EulerCAM
55650.13266,-13.40968,0.00158,-10.75155,0.01217,EulerCAM
55656.10847,-13.42739,0.00596,-10.63427,0.00921,EulerCAM
55662.15372,-13.47729,0.00226,-10.68088,0.00814,EulerCAM
55671.14476,-13.41040,0.00241,-10.59500,0.01996,EulerCAM
55674.19637,-13.42312,0.00233,-10.60443,0.00961,EulerCAM
55682.15112,-13.41594,0.00241,-10.62484,0.00785,EulerCAM
55686.16105,-13.43668,0.00144,-10.67018,0.00993,EulerCAM
55693.07049,-13.40433,0.00300,-10.72565,0.00912,EulerCAM
55696.08842,-13.34907,0.00323,-10.71713,0.02523,EulerCAM
55708.02649,-13.18860,0.00380,-10.88982,0.01142,EulerCAM
55714.05971,-13.19575,0.00465,-10.92289,0.00980,EulerCAM
55716.02280,-13.21076,0.00494,-10.94918,0.01303,EulerCAM
55723.99252,-13.13476,0.00492,-10.94273,0.01046,EulerCAM
55724.99987,-13.13957,0.00343,-10.96017,0.00983,EulerCAM
55735.98634,-13.01628,0.00295,-10.95002,0.00513,EulerCAM
55739.99849,-13.00924,0.01028,-10.89455,0.05163,EulerCAM
55742.01697,-12.98647,0.00556,-10.94642,0.00865,EulerCAM
55748.96218,-12.93736,0.00933,-10.87145,0.03792,EulerCAM
55751.97188,-12.91727,0.00767,-10.97996,0.03105,EulerCAM
55755.96486,-12.89549,0.01803,-11.03929,0.02227,EulerCAM
55759.95947,-12.78829,0.01028,-11.05992,0.05163,EulerCAM
55764.97055,-12.74596,0.00961,-10.98936,0.00839,EulerCAM
55916.35114,-13.03002,0.00252,-10.53224,0.01494,EulerCAM
55922.32498,-13.03585,0.00493,-10.51239,0.00648,EulerCAM
55925.33692,-13.05747,0.00518,-10.54980,0.01256,EulerCAM
55928.27410,-13.04374,0.00436,-10.58551,0.00906,EulerCAM
55931.28851,-13.03355,0.00470,-10.62034,0.01826,EulerCAM
55937.32290,-13.02159,0.00232,-10.74238,0.01338,EulerCAM
55943.29040,-12.98771,0.00244,-10.65807,0.00795,EulerCAM
55947.33537,-12.94858,0.00589,-10.61270,0.01382,EulerCAM
55950.31272,-12.90397,0.00497,-10.54443,0.02717,EulerCAM
55955.32623,-12.87538,0.00259,-10.45908,0.01159,EulerCAM
55959.26239,-12.89278,0.00186,-10.43167,0.00811,EulerCAM
55962.25597,-12.89960,0.00288,-10.36293,0.01378,EulerCAM
55973.19897,-12.86352,0.00334,-10.44320,0.01697,EulerCAM
55977.26472,-12.85188,0.00454,-10.49256,0.01541,EulerCAM
55981.14885,-12.82473,0.00560,-10.54460,0.01122,EulerCAM
55985.13541,-12.80740,0.00358,-10.60231,0.00780,EulerCAM
55991.23998,-12.77161,0.00297,-10.65870,0.01554,EulerCAM
55998.24920,-12.80060,0.00206,-10.69770,0.00958,EulerCAM
56003.24699,-12.82349,0.00585,-10.75506,0.01982,EulerCAM
56007.20721,-12.83028,0.00648,-10.71245,0.01351,EulerCAM
56011.17142,-12.82942,0.00305,-10.69126,0.00814,EulerCAM
56015.18246,-12.82657,0.00234,-10.73572,0.00910,EulerCAM
56018.16610,-12.83699,0.00643,-10.75125,0.00874,EulerCAM
56019.17352,-12.81075,0.00561,-10.72396,0.02269,EulerCAM
56028.08724,-12.78505,0.00200,-10.73685,0.01502,EulerCAM
56029.18727,-12.79239,0.00396,-10.71351,0.01853,EulerCAM
56033.12395,-12.77649,0.00184,-10.68088,0.01187,EulerCAM
56038.07145,-12.76560,0.00415,-10.56283,0.01436,EulerCAM
56047.97155,-12.79324,0.00263,-10.46427,0.02561,EulerCAM
56053.04443,-12.78159,0.00372,-10.58776,0.02392,EulerCAM
56058.12615,-12.73491,0.00658,-10.55377,0.01506,EulerCAM
56062.01758,-12.69127,0.00465,-10.51052,0.01799,EulerCAM
56065.96272,-12.69095,0.00254,-10.47818,0.01259,EulerCAM
56070.04813,-12.68059,0.00597,-10.46728,0.01297,EulerCAM
56074.99059,-12.67043,0.00219,-10.42883,0.01218,EulerCAM
56086.02488,-12.69045,0.00277,-10.38788,0.00825,EulerCAM
56096.05809,-12.66942,0.00274,-10.43057,0.01599,EulerCAM
56098.00593,-12.66518,0.00685,-10.45655,0.01273,EulerCAM
56101.96253,-12.68887,0.00668,-10.44950,0.01293,EulerCAM
56108.97994,-12.71320,0.00332,-10.52856,0.02958,EulerCAM
56113.97444,-12.72400,0.00297,-10.42347,0.02213,EulerCAM
56117.96854,-12.72321,0.00815,-10.39121,0.02529,EulerCAM
56124.96468,-12.69559,0.00581,-10.35802,0.01466,EulerCAM
56267.34322,-12.28997,0.00364,-10.08206,0.04722,EulerCAM
56271.34950,-12.28474,0.00320,-10.06078,0.05544,EulerCAM
56274.35550,-12.29826,0.01166,-10.00663,0.02514,EulerCAM
56276.34052,-12.30574,0.00840,-10.10637,0.01722,EulerCAM
56280.35013,-12.28761,0.00315,-9.97910,0.06291,EulerCAM
56284.33132,-12.30144,0.01092,-10.00776,0.01320,EulerCAM
56286.35182,-12.30849,0.00720,-10.01849,0.01580,EulerCAM
56290.35130,-12.33314,0.00629,-10.04188,0.01933,EulerCAM
56299.33766,-12.34083,0.01135,-10.06862,0.02584,EulerCAM
56305.32283,-12.41129,0.00395,-10.14786,0.02485,EulerCAM
56309.32446,-12.46615,0.01028,-10.21061,0.05163,EulerCAM
56314.22193,-12.49748,0.00887,-10.16496,0.03106,EulerCAM
56318.24316,-12.53835,0.00954,-10.29418,0.03493,EulerCAM
56320.23311,-12.53933,0.00409,-10.14815,0.02913,EulerCAM
56329.27359,-12.61820,0.00313,-10.04985,0.01953,EulerCAM
56333.36670,-12.60811,0.00631,-9.99528,0.01162,EulerCAM
56338.29266,-12.66376,0.01028,-10.02920,0.05163,EulerCAM
56343.30452,-12.67835,0.00774,-9.98181,0.01107,EulerCAM
56356.13520,-12.76940,0.00262,-9.96479,0.02277,EulerCAM
56360.26828,-12.75399,0.00391,-10.00541,0.02180,EulerCAM
56363.17560,-12.75255,0.00214,-9.99024,0.01427,EulerCAM
56367.23832,-12.73259,0.00501,-9.97120,0.01233,EulerCAM
56375.15205,-12.69207,0.00345,-9.99264,0.02640,EulerCAM
56382.12137,-12.65636,0.00222,-10.06697,0.01562,EulerCAM
56386.23582,-12.62878,0.00416,-10.03031,0.01524,EulerCAM
56390.07319,-12.62276,0.00213,-10.06335,0.01096,EulerCAM
56401.03760,-12.53718,0.00301,-10.18551,0.01193,EulerCAM
56410.10081,-12.50124,0.00286,-10.27936,0.03825,EulerCAM
56423.16723,-12.47636,0.00237,-10.37319,0.01183,EulerCAM
56428.12134,-12.46554,0.00278,-10.39585,0.01006,EulerCAM
56435.13820,-12.47555,0.00337,-10.41679,0.01887,EulerCAM
56446.96399,-12.51739,0.00243,-10.51703,0.02384,EulerCAM
56452.02498,-12.51989,0.00365,-10.46094,0.01198,EulerCAM
56454.96297,-12.51404,0.01138,-10.41450,0.01083,EulerCAM
56639.34120,-12.70429,0.00191,-10.42639,0.02457,EulerCAM
56645.32648,-12.74530,0.00241,-10.41575,0.03312,EulerCAM
56647.32871,-12.74763,0.00318,-10.44708,0.01211,EulerCAM
56654.31859,-12.77044,0.00334,-10.49426,0.00752,EulerCAM
56667.29470,-12.74252,0.00217,-10.48346,0.00786,EulerCAM
56674.31861,-12.79620,0.00445,-10.33999,0.02477,EulerCAM
56681.37462,-12.82026,0.00264,-10.36901,0.02774,EulerCAM
56688.28383,-12.81268,0.00284,-10.40916,0.00986,EulerCAM
56693.25798,-12.81814,0.00309,-10.35207,0.02066,EulerCAM
56696.23011,-12.83342,0.00313,-10.31377,0.00916,EulerCAM
56699.21207,-12.84410,0.00253,-10.35205,0.02142,EulerCAM
56709.20989,-12.88079,0.00380,-10.38626,0.01199,EulerCAM
56713.30612,-12.88601,0.00206,-10.43190,0.00787,EulerCAM
56717.13640,-12.87414,0.00294,-10.37658,0.01315,EulerCAM
56722.30930,-12.87843,0.00229,-10.35360,0.01278,EulerCAM
56725.13791,-12.90632,0.00452,-10.36040,0.01193,EulerCAM
56741.15241,-12.88999,0.00290,-10.49338,0.01741,EulerCAM
56745.07082,-12.88694,0.00291,-10.44005,0.01275,EulerCAM
56749.06797,-12.89755,0.00200,-10.44730,0.00938,EulerCAM
56765.08930,-12.87227,0.00205,-10.42294,0.01551,EulerCAM
56769.18546,-12.86993,0.00213,-10.51869,0.01245,EulerCAM
56775.06643,-12.87807,0.00215,-10.49978,0.00983,EulerCAM
56778.02457,-12.88493,0.00211,-10.48816,0.00805,EulerCAM
56781.02298,-12.88764,0.00940,-10.48493,0.02381,EulerCAM
56793.03303,-12.96320,0.00408,-10.51114,0.01129,EulerCAM
56803.09396,-12.95508,0.00288,-10.60830,0.00916,EulerCAM
56805.01148,-12.96499,0.00417,-10.56509,0.00686,EulerCAM
56809.02539,-12.94157,0.00266,-10.53359,0.00843,EulerCAM
56818.02515,-12.90531,0.00224,-10.58315,0.01064,EulerCAM
56822.06990,-12.89344,0.00274,-10.60486,0.02851,EulerCAM
56829.98398,-12.83957,0.00193,-10.58648,0.01376,EulerCAM
56837.98499,-12.75812,0.00186,-10.50786,0.00867,EulerCAM
56846.99390,-12.69618,0.00239,-10.51471,0.02083,EulerCAM
56851.99451,-12.66916,0.00290,-10.43493,0.01864,EulerCAM
56994.35401,-12.39571,0.00392,-10.16659,0.02704,EulerCAM
57002.35767,-12.43731,0.01031,-10.08249,0.03625,EulerCAM
57009.35826,-12.54382,0.00579,-10.05908,0.02288,EulerCAM
57017.30683,-12.61565,0.00202,-9.95777,0.01346,EulerCAM
57025.33515,-12.63465,0.00547,-9.86522,0.01950,EulerCAM
57029.31971,-12.61051,0.00545,-9.75333,0.02690,EulerCAM
57040.32576,-12.51775,0.00204,-9.71905,0.02104,EulerCAM
57050.34375,-12.41630,0.00359,-9.59346,0.01499,EulerCAM
57057.30110,-12.32005,0.00620,-9.73086,0.04525,EulerCAM
57064.21345,-12.28922,0.00195,-9.74184,0.01311,EulerCAM
57070.36873,-12.25397,0.00238,-9.69248,0.01423,EulerCAM
57081.35111,-12.20391,0.01028,-9.94222,0.05163,EulerCAM
57084.16930,-12.18323,0.00465,-9.69001,0.03351,EulerCAM
57091.26694,-12.18593,0.00543,-9.87667,0.02605,EulerCAM
57120.21977,-12.05092,0.00656,-9.96872,0.03982,EulerCAM
57126.06675,-12.03351,0.00708,-9.91279,0.01398,EulerCAM
57130.06050,-12.07235,0.00325,-9.89776,0.03243,EulerCAM
57138.06039,-12.08225,0.00380,-9.73352,0.02517,EulerCAM
57146.03004,-12.10005,0.01028,-9.71696,0.05163,EulerCAM
57153.09544,-12.14626,0.00345,-9.62574,0.03952,EulerCAM
57161.12455,-12.18574,0.00259,-9.56747,0.02090,EulerCAM
57165.99020,-12.22588,0.00259,-9.55907,0.03177,EulerCAM
57174.01023,-12.32021,0.00362,-9.40156,0.05855,EulerCAM
57177.06231,-12.38010,0.00486,-9.51343,0.04354,EulerCAM
57187.03397,-12.49208,0.00715,-9.38523,0.02254,EulerCAM
57189.02459,-12.53217,0.00266,-9.41750,0.02550,EulerCAM
57193.96680,-12.58607,0.00230,-9.43370,0.02114,EulerCAM
57206.00176,-12.63694,0.00273,-9.30085,0.05294,EulerCAM
57365.34452,-12.56157,0.00231,-10.15190,0.02145,EulerCAM
57381.33385,-12.42770,0.00372,-10.20109,0.02802,EulerCAM
57385.29585,-12.41358,0.00467,-10.19021,0.02185,EulerCAM
57398.33066,-12.35027,0.00441,-10.21762,0.00962,EulerCAM
57401.30955,-12.35507,0.00544,-10.25077,0.00965,EulerCAM
57405.28747,-12.32960,0.00226,-10.21072,0.01122,EulerCAM
57413.32808,-12.37907,0.00470,-10.18671,0.04224,EulerCAM
57419.31349,-12.40714,0.00495,-10.22708,0.01770,EulerCAM
57423.26512,-12.40492,0.00343,-10.08982,0.01072,EulerCAM
57427.33579,-12.41901,0.00218,-10.07958,0.01936,EulerCAM
57431.27236,-12.45042,0.00408,-10.16284,0.02374,EulerCAM
57434.23791,-12.42781,0.00217,-10.10245,0.01205,EulerCAM
57439.21804,-12.43083,0.00725,-10.09562,0.02567,EulerCAM
57447.22969,-12.41772,0.00629,-9.98564,0.01789,EulerCAM
57452.11272,-12.41865,0.00838,-9.94521,0.02398,EulerCAM
57455.27557,-12.44929,0.00256,-9.99404,0.03140,EulerCAM
57461.11662,-12.40262,0.00314,-9.85909,0.01184,EulerCAM
57474.27426,-12.34027,0.00518,-9.68649,0.04152,EulerCAM
57478.21078,-12.30981,0.00425,-9.70352,0.03340,EulerCAM
57486.11399,-12.26428,0.00819,-9.69966,0.05168,EulerCAM
57491.11400,-12.20730,0.00264,-9.70265,0.01724,EulerCAM
57495.22382,-12.18164,0.01585,-9.59026,0.03279,EulerCAM
57499.15100,-12.11441,0.02291,-9.53437,0.05171,EulerCAM
57507.02753,-12.09066,0.00664,-9.73504,0.01754,EulerCAM
57511.01294,-12.04310,0.01934,-9.75491,0.03667,EulerCAM
57516.11169,-12.01339,0.00492,-9.78433,0.01588,EulerCAM
57523.02230,-11.99358,0.00604,-9.74471,0.04263,EulerCAM
57533.03423,-11.94523,0.01028,-9.58122,0.05163,EulerCAM
57536.04099,-11.94701,0.00619,-9.76685,0.03377,EulerCAM
57546.99337,-11.95509,0.00322,-9.69645,0.03077,EulerCAM
57557.04306,-11.94731,0.00591,-9.67129,0.12615,EulerCAM
57561.99566,-11.97841,0.00756,-9.58680,0.03870,EulerCAM
57566.02513,-11.97258,0.00783,-9.62425,0.05367,EulerCAM
57575.98916,-11.99541,0.00667,-9.64213,0.01907,EulerCAM
57595.96613,-12.06415,0.01028,-9.41148,0.07714,EulerCAM
57724.34199,-11.95110,0.00321,-9.59065,0.02279,EulerCAM
57729.34936,-11.96129,0.00607,-9.56683,0.02481,EulerCAM
57737.35136,-11.99995,0.01271,-9.59109,0.05943,EulerCAM
57741.34352,-11.97767,0.00971,-9.60787,0.05039,EulerCAM
57745.34562,-12.00507,0.00394,-9.61749,0.03683,EulerCAM
57754.34494,-12.01162,0.00515,-9.56397,0.01431,EulerCAM
57757.30557,-11.99032,0.00581,-9.57735,0.03133,EulerCAM
57765.30470,-12.00297,0.00748,-9.30559,0.09001,EulerCAM
57773.36379,-11.98680,0.00651,-9.36074,0.02714,EulerCAM
57785.21703,-12.01849,0.00501,-9.42502,0.02603,EulerCAM
57791.31339,-12.01618,0.01028,-9.40780,0.05163,EulerCAM
57795.16489,-12.03274,0.00822,-9.40771,0.09859,EulerCAM
57799.33802,-12.05767,0.00917,-9.53085,0.05015,EulerCAM
57803.37241,-12.07013,0.00289,-9.44781,0.03731,EulerCAM
57807.20780,-12.08402,0.00803,-9.39019,0.04358,EulerCAM
57808.20697,-12.06459,0.00479,-9.32836,0.03343,EulerCAM
57811.29097,-12.10643,0.00242,-9.43758,0.02673,EulerCAM
57816.11500,-12.14326,0.00267,-9.37764,0.02395,EulerCAM
57820.32009,-12.13802,0.00283,-9.39241,0.02302,EulerCAM
57829.31902,-12.25738,0.00460,-9.45744,0.08474,EulerCAM
57832.08404,-12.31683,0.00327,-9.42810,0.05385,EulerCAM
57837.22761,-12.39828,0.00208,-9.41681,0.01874,EulerCAM
57844.21670,-12.46292,0.00231,-9.42230,0.03638,EulerCAM
57849.05629,-12.49411,0.00353,-9.28909,0.06267,EulerCAM
57862.20157,-12.53807,0.00381,-9.42809,0.02245,EulerCAM
57869.18301,-12.54194,0.00234,-9.36433,0.01880,EulerCAM
57877.08090,-12.52631,0.01028,-9.15699,0.07052,EulerCAM
57882.04364,-12.60462,0.00345,-9.19734,0.06648,EulerCAM
57889.04391,-12.65871,0.00856,-9.40189,0.04238,EulerCAM
57893.07271,-12.70359,0.00220,-9.49405,0.07525,EulerCAM
57903.98804,-12.88753,0.00198,-9.33681,0.05156,EulerCAM
57916.05522,-13.02031,0.01028,-9.31685,0.06831,EulerCAM
57916.97057,-13.00365,0.00176,-9.30263,0.07528,EulerCAM
57921.99310,-13.05661,0.00372,-9.55953,0.04300,EulerCAM
57924.99364,-13.05513,0.00164,-9.52559,0.01831,EulerCAM
57933.03982,-13.00981,0.00226,-9.59494,0.03094,EulerCAM
57935.99041,-12.99437,0.00615,-9.55883,0.02830,EulerCAM
57952.96761,-12.87228,0.00373,-9.59119,0.04216,EulerCAM
57959.96669,-12.80672,0.00593,-9.61075,0.06379,EulerCAM
58090.34828,-12.39027,0.00478,-9.70603,0.11444,EulerCAM
58103.35194,-12.43179,0.00720,-9.80029,0.02439,EulerCAM
58107.34271,-12.39619,0.00440,-9.76249,0.01638,EulerCAM
58110.33982,-12.40450,0.01028,-9.81760,0.05163,EulerCAM
58118.36266,-12.39428,0.01028,-9.82373,0.05163,EulerCAM
58122.27183,-12.40986,0.00387,-9.87494,0.04707,EulerCAM
58126.34785,-12.36212,0.00717,-9.81140,0.03280,EulerCAM
58130.31252,-12.30373,0.01174,-9.72994,0.03035,EulerCAM
58135.26239,-12.27971,0.00257,-9.68518,0.01670,EulerCAM
58138.28036,-12.25969,0.00336,-9.71064,0.02787,EulerCAM
58142.31621,-12.27022,0.01028,-9.77825,0.05163,EulerCAM
58157.23563,-12.34684,0.01028,-9.68381,0.05163,EulerCAM
58160.22489,-12.37520,0.00361,-9.61335,0.04863,EulerCAM
58164.22849,-12.40961,0.00520,-9.62402,0.01659,EulerCAM
58168.21870,-12.42201,0.00664,-9.56390,0.02954,EulerCAM
58174.15899,-12.36787,0.01028,-9.53950,0.05163,EulerCAM
58178.34215,-12.42146,0.00854,-9.59402,0.07108,EulerCAM
58185.16032,-12.42455,0.00264,-9.40950,0.05367,EulerCAM
58188.22593,-12.41607,0.00253,-9.45429,0.03712,EulerCAM
58192.20501,-12.43499,0.00643,-9.44127,0.03304,EulerCAM
58196.28926,-12.45491,0.00337,-9.41044,0.03905,EulerCAM
58201.13220,-12.45043,0.00223,-9.41551,0.02381,EulerCAM
58205.10713,-12.41620,0.00722,-9.41156,0.03584,EulerCAM
58210.11794,-12.41003,0.00572,-9.40990,0.04914,EulerCAM
58212.26110,-12.38896,0.00636,-9.34271,0.04255,EulerCAM
58213.13230,-12.35983,0.00309,-9.35170,0.05980,EulerCAM
58215.22906,-12.34651,0.00319,-9.45562,0.05720,EulerCAM
58217.10010,-12.34880,0.00320,-9.38737,0.04295,EulerCAM
58221.10482,-12.35505,0.00320,-9.48295,0.03950,EulerCAM
58223.02058,-12.33005,0.00269,-9.34273,0.04707,EulerCAM
58225.10955,-12.31763,0.00382,-9.34961,0.03987,EulerCAM
58227.18894,-12.30693,0.01234,-9.35872,0.04124,EulerCAM
58229.12376,-12.31548,0.00818,-9.48639,0.02454,EulerCAM
58231.22362,-12.28364,0.00425,-9.40912,0.07921,EulerCAM
58233.10113,-12.25031,0.00667,-9.19764,0.06503,EulerCAM
58236.21031,-12.23795,0.01258,-9.37723,0.09548,EulerCAM
58238.19094,-12.22585,0.00527,-9.50748,0.09581,EulerCAM
58259.10334,-12.14821,0.00729,-9.22352,0.06912,EulerCAM
58261.12740,-12.14805,0.00413,-9.27564,0.03945,EulerCAM
58263.12046,-12.15913,0.01028,-9.35763,0.08601,EulerCAM
58265.05699,-12.16618,0.00891,-9.17724,0.08031,EulerCAM
58270.05969,-12.22864,0.00585,-9.47803,0.07579,EulerCAM
58271.05324,-12.21518,0.00484,-9.28775,0.03395,EulerCAM
58273.04688,-12.24447,0.01028,-9.28463,0.05163,EulerCAM
58274.99667,-12.30451,0.00374,-9.27036,0.05602,EulerCAM
58277.06889,-12.34213,0.00273,-9.42566,0.02363,EulerCAM
58283.04710,-12.45691,0.00261,-9.45191,0.02068,EulerCAM
58286.04352,-12.54204,0.00358,-9.47691,0.01900,EulerCAM
58287.04183,-12.54807,0.01028,-9.24776,0.05163,EulerCAM
58287.97600,-12.55056,0.01028,-9.31509,0.05394,EulerCAM
58298.01686,-12.75301,0.00586,-9.25584,0.11940,EulerCAM
58310.99133,-13.06515,0.00639,-9.29282,0.02964,EulerCAM
58313.98144,-13.09377,0.00288,-9.37810,0.02384,EulerCAM
58319.97229,-13.11349,0.01028,-9.64291,0.06512,EulerCAM
58320.96730,-13.13287,0.00268,-9.40720,0.04704,EulerCAM
